Timestamp,UUID,Function Name,Execution Time (s),CPU Time (sec),Memory Change (MB),Final Memory Usage (MB),Arguments,Log Message
2025-03-20 08:06:57,f19d72a2-f006-4634-9669-5f26194f1ea3,test_function,2.008736082992982,0.004713631999999857,0.0,142.265625,"{""args"": [], ""kwargs"": {}}","Function `test_function` executed in 2.0087 sec, CPU Time: 0.0047 sec, Memory Change: 0.0000 MB, Final Memory: 142.2656 MB"
2025-03-20 08:08:08,de2345dd-8544-469c-ab3f-0e7481bf382e,test_function,2.0081183339934796,0.0031535680000001065,0.0,129.8125,"{""args"": [], ""kwargs"": {}}","Function `test_function` executed in 2.0081 sec, CPU Time: 0.0032 sec, Memory Change: 0.0000 MB, Final Memory: 129.8125 MB"
2025-03-20 08:08:14,d223eceb-438d-442b-82a4-93d53933089b,test_function,2.00841287500225,0.003842912000000087,0.0,131.15625,"{""args"": [], ""kwargs"": {}}","Function `test_function` executed in 2.0084 sec, CPU Time: 0.0038 sec, Memory Change: 0.0000 MB, Final Memory: 131.1562 MB"
2025-03-20 08:15:38,a880c7c0-71c9-4017-8170-51f52b7b3602,test_function,2.007055291964207,0.0018108159999998819,0.8125,78.546875,"{""args"": [], ""kwargs"": {}}","Function `test_function` executed in 2.0071 sec, CPU Time: 0.0018 sec, Memory Change: 0.8125 MB, Final Memory: 78.5469 MB"
2025-03-20 12:20:18,36e77d75-4e0a-4366-ab47-9bf2bed641fb,test_function_single_process,0.5054752919822931,0.0010934400000004452,0.09375,54.296875,"{""args"": [""0.5""], ""kwargs"": {}}","Function `test_function_single_process` executed in 0.5055 sec, CPU Time: 0.0011 sec, Memory Change: 0.0938 MB, Final Memory: 54.2969 MB"
2025-03-20 12:20:19,d0cd0ec5-aa0f-4e96-ae06-374eaa788bb3,test_function_single_process,1.0053700840217061,0.0006911360000003697,0.0,54.5625,"{""args"": [""1.0""], ""kwargs"": {}}","Function `test_function_single_process` executed in 1.0054 sec, CPU Time: 0.0007 sec, Memory Change: 0.0000 MB, Final Memory: 54.5625 MB"
2025-03-20 12:20:20,aa0fbba7-3271-4c9b-abe5-c1958c7b6dc1,test_function_single_process,1.5051412919419818,0.0009781759999998307,0.0,54.59375,"{""args"": [""1.5""], ""kwargs"": {}}","Function `test_function_single_process` executed in 1.5051 sec, CPU Time: 0.0010 sec, Memory Change: 0.0000 MB, Final Memory: 54.5938 MB"
2025-03-20 13:56:42,cbd90739-2c9b-4c7c-a227-cbacf440805c,test_function_single_process_csv,0.5037653329782188,0.00011100799999996802,-0.28125,79.78125,"{""args"": [""0.5""], ""kwargs"": {}}","Function `test_function_single_process_csv` executed in 0.5038 sec, CPU Time: 0.0001 sec, Memory Change: -0.2812 MB, Final Memory: 79.7812 MB"
2025-03-20 13:56:43,07b658b4-efac-4b23-bc94-1bd81a59120f,test_function_single_process_csv,1.0016302919830196,0.00012082400000001936,0.0,79.8125,"{""args"": [""1.0""], ""kwargs"": {}}","Function `test_function_single_process_csv` executed in 1.0016 sec, CPU Time: 0.0001 sec, Memory Change: 0.0000 MB, Final Memory: 79.8125 MB"
2025-03-20 13:56:44,e64b7dda-3af5-46a9-8fff-7d21a42066b0,test_function_single_process_csv,1.5052115420112386,9.052799999997863e-05,0.0,79.8125,"{""args"": [""1.5""], ""kwargs"": {}}","Function `test_function_single_process_csv` executed in 1.5052 sec, CPU Time: 0.0001 sec, Memory Change: 0.0000 MB, Final Memory: 79.8125 MB"
2025-03-20 13:57:37,a860b805-89ca-4b16-92f6-4f86660b2025,test_function_single_process_csv,0.5051479170215316,6.937600000000987e-05,-0.125,104.171875,"{""args"": [""0.5""], ""kwargs"": {}}","Function `test_function_single_process_csv` executed in 0.5051 sec, CPU Time: 0.0001 sec, Memory Change: -0.1250 MB, Final Memory: 104.1719 MB"
2025-03-20 13:57:38,171a3ac7-c1f0-4818-9607-b217b5c1c16b,test_function_single_process_csv,1.0052130830008537,0.00016702400000007112,0.0,104.265625,"{""args"": [""1.0""], ""kwargs"": {}}","Function `test_function_single_process_csv` executed in 1.0052 sec, CPU Time: 0.0002 sec, Memory Change: 0.0000 MB, Final Memory: 104.2656 MB"
2025-03-20 13:57:40,153812c7-3126-42f1-b198-7948031b1430,test_function_single_process_csv,1.5039503329899162,0.00013013600000000292,0.0,104.3125,"{""args"": [""1.5""], ""kwargs"": {}}","Function `test_function_single_process_csv` executed in 1.5040 sec, CPU Time: 0.0001 sec, Memory Change: 0.0000 MB, Final Memory: 104.3125 MB"
2025-03-20 14:02:08,403a4bc3-433b-4b7b-9ecd-e095f0546c92,test_function_single_process_csv,0.5051616660202853,7.075199999995174e-05,-0.28125,97.546875,"{""args"": [""0.5""], ""kwargs"": {}}","Function `test_function_single_process_csv` executed in 0.5052 sec, CPU Time: 0.0001 sec, Memory Change: -0.2812 MB, Final Memory: 97.5469 MB"
2025-03-20 14:02:09,67a63e73-4a96-4ffa-aeba-95cf6e2b1f14,test_function_single_process_csv,1.0050972090102732,0.00010570400000003977,0.0,97.5625,"{""args"": [""1.0""], ""kwargs"": {}}","Function `test_function_single_process_csv` executed in 1.0051 sec, CPU Time: 0.0001 sec, Memory Change: 0.0000 MB, Final Memory: 97.5625 MB"
2025-03-20 14:02:10,0e0ca0fd-4a41-4ff0-b568-b9735eb88f67,test_function_single_process_csv,1.5051392079913057,8.271200000004031e-05,0.0,97.609375,"{""args"": [""1.5""], ""kwargs"": {}}","Function `test_function_single_process_csv` executed in 1.5051 sec, CPU Time: 0.0001 sec, Memory Change: 0.0000 MB, Final Memory: 97.6094 MB"
2025-03-20 14:05:19,c46d4b50-c33b-42dc-a4f9-75ed7497ec06,test_function_single_process_csv,0.5050732079544105,6.053599999999992e-05,0.0,97.28125,"{""args"": [""0.5""], ""kwargs"": {}}","Function `test_function_single_process_csv` executed in 0.5051 sec, CPU Time: 0.0001 sec, Memory Change: 0.0000 MB, Final Memory: 97.2812 MB"
2025-03-20 14:05:20,f9d4d850-4a23-43eb-9c30-ceafcc260466,test_function_single_process_csv,1.0051474579959176,0.00017544800000002247,-0.28125,97.015625,"{""args"": [""1.0""], ""kwargs"": {}}","Function `test_function_single_process_csv` executed in 1.0051 sec, CPU Time: 0.0002 sec, Memory Change: -0.2812 MB, Final Memory: 97.0156 MB"
2025-03-20 14:05:22,c2febc05-8834-4495-94ec-d0c3f6ecf6fc,test_function_single_process_csv,1.5031291249906644,0.00011809600000006748,0.0,97.09375,"{""args"": [""1.5""], ""kwargs"": {}}","Function `test_function_single_process_csv` executed in 1.5031 sec, CPU Time: 0.0001 sec, Memory Change: 0.0000 MB, Final Memory: 97.0938 MB"
2025-03-20 14:05:25,7dc04056-1318-45f1-b2d1-ee31017a95f6,test_function_multi_process_csv,0.5013305000029504,0.00012004099999999998,0.015625,10.15625,"{""args"": [""0.5""], ""kwargs"": {}}","Function `test_function_multi_process_csv` executed in 0.5013 sec, CPU Time: 0.0001 sec, Memory Change: 0.0156 MB, Final Memory: 10.1562 MB"
2025-03-20 14:05:26,dc63c541-30da-489e-a2bd-72965d031a43,test_function_multi_process_csv,1.0012855830136687,0.0002624579999999999,0.015625,10.078125,"{""args"": [""1""], ""kwargs"": {}}","Function `test_function_multi_process_csv` executed in 1.0013 sec, CPU Time: 0.0003 sec, Memory Change: 0.0156 MB, Final Memory: 10.0781 MB"
2025-03-20 14:05:26,67a52313-db2a-4fe9-9920-58349c1c9569,test_function_multi_process_csv,1.5012107500224374,0.00015999999999999999,0.015625,10.0,"{""args"": [""1.5""], ""kwargs"": {}}","Function `test_function_multi_process_csv` executed in 1.5012 sec, CPU Time: 0.0002 sec, Memory Change: 0.0156 MB, Final Memory: 10.0000 MB"
2025-03-20 14:05:27,ca53d035-dfc1-4706-aa47-3534560652a9,test_function_multi_process_csv,2.0005383330280893,0.00030579200000000004,0.015625,10.109375,"{""args"": [""2""], ""kwargs"": {}}","Function `test_function_multi_process_csv` executed in 2.0005 sec, CPU Time: 0.0003 sec, Memory Change: 0.0156 MB, Final Memory: 10.1094 MB"
2025-03-20 14:05:51,ad2c2f2b-4d47-4409-84ec-2645e75a7723,test_function_single_process_csv,0.5050995000055991,6.140799999992952e-05,0.0,96.984375,"{""args"": [""0.5""], ""kwargs"": {}}","Function `test_function_single_process_csv` executed in 0.5051 sec, CPU Time: 0.0001 sec, Memory Change: 0.0000 MB, Final Memory: 96.9844 MB"
2025-03-20 14:05:52,00a7bafb-bcef-4c0d-9c9d-02895462b2c3,test_function_single_process_csv,1.005130083009135,8.390400000002352e-05,0.0,97.015625,"{""args"": [""1.0""], ""kwargs"": {}}","Function `test_function_single_process_csv` executed in 1.0051 sec, CPU Time: 0.0001 sec, Memory Change: 0.0000 MB, Final Memory: 97.0156 MB"
2025-03-20 14:05:53,2b8f0b7f-2c59-4a13-ade6-e446800a2a86,test_function_single_process_csv,1.5051191670354456,6.541599999998482e-05,0.0,97.015625,"{""args"": [""1.5""], ""kwargs"": {}}","Function `test_function_single_process_csv` executed in 1.5051 sec, CPU Time: 0.0001 sec, Memory Change: 0.0000 MB, Final Memory: 97.0156 MB"
2025-03-20 14:05:57,4594fb40-b85c-4775-9ea5-c89857755c65,test_function_multi_process_csv,0.5013563749962486,0.00010537499999999957,0.015625,9.90625,"{""args"": [""0.5""], ""kwargs"": {}}","Function `test_function_multi_process_csv` executed in 0.5014 sec, CPU Time: 0.0001 sec, Memory Change: 0.0156 MB, Final Memory: 9.9062 MB"
2025-03-20 14:05:57,4e416368-9ef6-4014-bd75-e8a38479b561,test_function_multi_process_csv,1.001286250015255,0.00016549900000000016,0.015625,10.328125,"{""args"": [""1""], ""kwargs"": {}}","Function `test_function_multi_process_csv` executed in 1.0013 sec, CPU Time: 0.0002 sec, Memory Change: 0.0156 MB, Final Memory: 10.3281 MB"
2025-03-20 14:05:58,9b8a28b1-01d8-47b7-b526-af28378bfa89,test_function_multi_process_csv,1.5012471250374801,0.000213333,0.015625,9.96875,"{""args"": [""1.5""], ""kwargs"": {}}","Function `test_function_multi_process_csv` executed in 1.5012 sec, CPU Time: 0.0002 sec, Memory Change: 0.0156 MB, Final Memory: 9.9688 MB"
2025-03-20 14:05:58,c5680f0d-272b-4739-a311-4985e66522cb,test_function_multi_process_csv,2.0012134999851696,0.00010512499999999975,0.015625,10.359375,"{""args"": [""2""], ""kwargs"": {}}","Function `test_function_multi_process_csv` executed in 2.0012 sec, CPU Time: 0.0001 sec, Memory Change: 0.0156 MB, Final Memory: 10.3594 MB"
